month,retailer,revenue
"January 1, 2020, 12:00 AM",Foot Locker,"98,529"
"January 1, 2020, 12:00 AM",West Gear,"64,009"
"February 1, 2020, 12:00 AM",Foot Locker,"50,280"
"February 1, 2020, 12:00 AM",West Gear,"99,700"
"March 1, 2020, 12:00 AM",Foot Locker,"103,446"
"March 1, 2020, 12:00 AM",West Gear,"73,166"
"April 1, 2020, 12:00 AM",Foot Locker,"8,070"
"April 1, 2020, 12:00 AM",Walmart,"85,772"
"April 1, 2020, 12:00 AM",West Gear,"152,240"
"May 1, 2020, 12:00 AM",Foot Locker,"11,424"
"May 1, 2020, 12:00 AM",Sports Direct,"21,177"
"May 1, 2020, 12:00 AM",Walmart,"43,991"
"May 1, 2020, 12:00 AM",West Gear,"92,597"
"June 1, 2020, 12:00 AM",West Gear,"88,302"
"July 1, 2020, 12:00 AM",Sports Direct,"33,249"
"July 1, 2020, 12:00 AM",Walmart,"7,360"
"July 1, 2020, 12:00 AM",West Gear,"130,858"
"August 1, 2020, 12:00 AM",Foot Locker,"63,542"
"August 1, 2020, 12:00 AM",Sports Direct,"25,741"
"August 1, 2020, 12:00 AM",Walmart,"81,233"
"August 1, 2020, 12:00 AM",West Gear,"28,271"
"September 1, 2020, 12:00 AM",Foot Locker,"23,832"
"September 1, 2020, 12:00 AM",Sports Direct,"26,361"
"September 1, 2020, 12:00 AM",Walmart,"60,732"
"September 1, 2020, 12:00 AM",West Gear,"72,122"
"October 1, 2020, 12:00 AM",Foot Locker,"12,506"
"October 1, 2020, 12:00 AM",Sports Direct,"46,090"
"October 1, 2020, 12:00 AM",Walmart,"49,768"
"November 1, 2020, 12:00 AM",Foot Locker,"30,264"
"November 1, 2020, 12:00 AM",West Gear,"55,966"
"December 1, 2020, 12:00 AM",Foot Locker,"26,900"
"December 1, 2020, 12:00 AM",Kohl's,"7,587"
"December 1, 2020, 12:00 AM",West Gear,"45,790"
"January 1, 2021, 12:00 AM",Amazon,"37,447"
"January 1, 2021, 12:00 AM",Foot Locker,"98,357"
"January 1, 2021, 12:00 AM",Kohl's,"93,532"
"January 1, 2021, 12:00 AM",Sports Direct,"61,374"
"January 1, 2021, 12:00 AM",West Gear,"239,954"
"February 1, 2021, 12:00 AM",Amazon,"36,117"
"February 1, 2021, 12:00 AM",Foot Locker,"87,071"
"February 1, 2021, 12:00 AM",Kohl's,"109,561"
"February 1, 2021, 12:00 AM",Sports Direct,"59,249"
"February 1, 2021, 12:00 AM",Walmart,"2,617"
"February 1, 2021, 12:00 AM",West Gear,"141,006"
"March 1, 2021, 12:00 AM",Amazon,"32,174"
"March 1, 2021, 12:00 AM",Foot Locker,"73,223"
"March 1, 2021, 12:00 AM",Kohl's,"98,974"
"March 1, 2021, 12:00 AM",Sports Direct,"97,172"
"March 1, 2021, 12:00 AM",Walmart,"4,667"
"March 1, 2021, 12:00 AM",West Gear,"65,467"
"April 1, 2021, 12:00 AM",Amazon,"30,933"
"April 1, 2021, 12:00 AM",Foot Locker,"68,402"
"April 1, 2021, 12:00 AM",Kohl's,"124,109"
"April 1, 2021, 12:00 AM",Sports Direct,"139,241"
"April 1, 2021, 12:00 AM",Walmart,"20,826"
"April 1, 2021, 12:00 AM",West Gear,"73,486"
"May 1, 2021, 12:00 AM",Amazon,"49,586"
"May 1, 2021, 12:00 AM",Foot Locker,"113,977"
"May 1, 2021, 12:00 AM",Kohl's,"173,867"
"May 1, 2021, 12:00 AM",Sports Direct,"136,158"
"May 1, 2021, 12:00 AM",Walmart,"27,310"
"May 1, 2021, 12:00 AM",West Gear,"107,886"
"June 1, 2021, 12:00 AM",Amazon,"59,207"
"June 1, 2021, 12:00 AM",Foot Locker,"198,448"
"June 1, 2021, 12:00 AM",Kohl's,"58,167"
"June 1, 2021, 12:00 AM",Sports Direct,"93,048"
"June 1, 2021, 12:00 AM",Walmart,"48,605"
"June 1, 2021, 12:00 AM",West Gear,"158,358"
"July 1, 2021, 12:00 AM",Amazon,"68,997"
"July 1, 2021, 12:00 AM",Foot Locker,"225,266"
"July 1, 2021, 12:00 AM",Kohl's,"65,073"
"July 1, 2021, 12:00 AM",Sports Direct,"112,267"
"July 1, 2021, 12:00 AM",Walmart,"77,108"
"July 1, 2021, 12:00 AM",West Gear,"186,150"
"August 1, 2021, 12:00 AM",Amazon,"62,454"
"August 1, 2021, 12:00 AM",Foot Locker,"154,517"
"August 1, 2021, 12:00 AM",Kohl's,"63,298"
"August 1, 2021, 12:00 AM",Sports Direct,"198,842"
"August 1, 2021, 12:00 AM",Walmart,"68,670"
"August 1, 2021, 12:00 AM",West Gear,"133,781"
"September 1, 2021, 12:00 AM",Amazon,"46,365"
"September 1, 2021, 12:00 AM",Foot Locker,"80,978"
"September 1, 2021, 12:00 AM",Kohl's,"48,328"
"September 1, 2021, 12:00 AM",Sports Direct,"287,134"
"September 1, 2021, 12:00 AM",Walmart,"33,422"
"September 1, 2021, 12:00 AM",West Gear,"68,710"
"October 1, 2021, 12:00 AM",Amazon,"54,902"
"October 1, 2021, 12:00 AM",Foot Locker,"105,303"
"October 1, 2021, 12:00 AM",Kohl's,"45,410"
"October 1, 2021, 12:00 AM",Sports Direct,"197,875"
"October 1, 2021, 12:00 AM",Walmart,"27,838"
"October 1, 2021, 12:00 AM",West Gear,"75,756"
"November 1, 2021, 12:00 AM",Amazon,"75,339"
"November 1, 2021, 12:00 AM",Foot Locker,"171,598"
"November 1, 2021, 12:00 AM",Kohl's,"59,666"
"November 1, 2021, 12:00 AM",Sports Direct,"116,339"
"November 1, 2021, 12:00 AM",Walmart,"24,360"
"November 1, 2021, 12:00 AM",West Gear,"110,880"
"December 1, 2021, 12:00 AM",Amazon,"89,878"
"December 1, 2021, 12:00 AM",Foot Locker,"261,377"
"December 1, 2021, 12:00 AM",Kohl's,"73,654"
"December 1, 2021, 12:00 AM",Sports Direct,"138,528"
"December 1, 2021, 12:00 AM",Walmart,"13,423"
"December 1, 2021, 12:00 AM",West Gear,"165,338"
